{
  "hash": "15020890",
  "configHash": "832f6fdd",
  "lockfileHash": "79cb1b06",
  "browserHash": "11510781",
  "optimized": {
    "@angular/common": {
      "src": "../../../../../../node_modules/.pnpm/@angular+common@19.2.14_@an_9b5f052fd6a64a0beb3c0c943f22587a/node_modules/@angular/common/fesm2022/common.mjs",
      "file": "@angular_common.js",
      "fileHash": "ec28e0a9",
      "needsInterop": false
    },
    "@angular/common/http": {
      "src": "../../../../../../node_modules/.pnpm/@angular+common@19.2.14_@an_9b5f052fd6a64a0beb3c0c943f22587a/node_modules/@angular/common/fesm2022/http.mjs",
      "file": "@angular_common_http.js",
      "fileHash": "35e9f633",
      "needsInterop": false
    },
    "@angular/core": {
      "src": "../../../../../../node_modules/.pnpm/@angular+core@19.2.14_rxjs@7.8.2_zone.js@0.15.1/node_modules/@angular/core/fesm2022/core.mjs",
      "file": "@angular_core.js",
      "fileHash": "4947e615",
      "needsInterop": false
    },
    "@angular/forms": {
      "src": "../../../../../../node_modules/.pnpm/@angular+forms@19.2.14_@ang_73234bd7c240672db18135399f67a9e0/node_modules/@angular/forms/fesm2022/forms.mjs",
      "file": "@angular_forms.js",
      "fileHash": "4826d7e0",
      "needsInterop": false
    },
    "@angular/platform-browser": {
      "src": "../../../../../../node_modules/.pnpm/@angular+platform-browser@1_75ce8183af93055b7948788f41b18989/node_modules/@angular/platform-browser/fesm2022/platform-browser.mjs",
      "file": "@angular_platform-browser.js",
      "fileHash": "511db7db",
      "needsInterop": false
    },
    "@angular/platform-browser/animations": {
      "src": "../../../../../../node_modules/.pnpm/@angular+platform-browser@1_75ce8183af93055b7948788f41b18989/node_modules/@angular/platform-browser/fesm2022/animations.mjs",
      "file": "@angular_platform-browser_animations.js",
      "fileHash": "cbec0b04",
      "needsInterop": false
    },
    "@angular/router": {
      "src": "../../../../../../node_modules/.pnpm/@angular+router@19.2.14_@an_a2995361bb3b1d9ca254ef972d31199c/node_modules/@angular/router/fesm2022/router.mjs",
      "file": "@angular_router.js",
      "fileHash": "71227dc2",
      "needsInterop": false
    },
    "bootstrap": {
      "src": "../../../../../../node_modules/.pnpm/bootstrap@5.3.7_@popperjs+core@2.11.8/node_modules/bootstrap/dist/js/bootstrap.esm.js",
      "file": "bootstrap.js",
      "fileHash": "30f82680",
      "needsInterop": false
    },
    "ng-apexcharts": {
      "src": "../../../../../../node_modules/.pnpm/ng-apexcharts@1.16.0_@angul_66ee263921e2600bd49c214e99c3724c/node_modules/ng-apexcharts/fesm2022/ng-apexcharts.mjs",
      "file": "ng-apexcharts.js",
      "fileHash": "040913c2",
      "needsInterop": false
    },
    "ngx-pagination": {
      "src": "../../../../../../node_modules/.pnpm/ngx-pagination@6.0.3_@angul_7de5b45e9745bdd217a1e2310d3c290c/node_modules/ngx-pagination/fesm2020/ngx-pagination.mjs",
      "file": "ngx-pagination.js",
      "fileHash": "75d4620d",
      "needsInterop": false
    },
    "ngx-toastr": {
      "src": "../../../../../../node_modules/.pnpm/ngx-toastr@19.0.0_@angular+_aae5b86824249e3b4ff3b0d8324397f6/node_modules/ngx-toastr/fesm2022/ngx-toastr.mjs",
      "file": "ngx-toastr.js",
      "fileHash": "d7c8ca1c",
      "needsInterop": false
    },
    "rxjs": {
      "src": "../../../../../../node_modules/.pnpm/rxjs@7.8.2/node_modules/rxjs/dist/esm5/index.js",
      "file": "rxjs.js",
      "fileHash": "7e5fa26b",
      "needsInterop": false
    },
    "rxjs/operators": {
      "src": "../../../../../../node_modules/.pnpm/rxjs@7.8.2/node_modules/rxjs/dist/esm5/operators/index.js",
      "file": "rxjs_operators.js",
      "fileHash": "3a548284",
      "needsInterop": false
    },
    "xlsx": {
      "src": "../../../../../../node_modules/.pnpm/xlsx@0.18.5/node_modules/xlsx/xlsx.mjs",
      "file": "xlsx.js",
      "fileHash": "f8d7a81e",
      "needsInterop": false
    }
  },
  "chunks": {
    "apexcharts.esm-NGDH2SUO": {
      "file": "apexcharts__esm-NGDH2SUO.js"
    },
    "chunk-CXBZYMIV": {
      "file": "chunk-CXBZYMIV.js"
    },
    "chunk-WIRLWZVD": {
      "file": "chunk-WIRLWZVD.js"
    },
    "chunk-POXZPU43": {
      "file": "chunk-POXZPU43.js"
    },
    "chunk-YXKWL3FA": {
      "file": "chunk-YXKWL3FA.js"
    },
    "chunk-XWF7AZVV": {
      "file": "chunk-XWF7AZVV.js"
    },
    "chunk-YS7VNYGP": {
      "file": "chunk-YS7VNYGP.js"
    },
    "chunk-FV2TLJEA": {
      "file": "chunk-FV2TLJEA.js"
    },
    "chunk-OILVJJZE": {
      "file": "chunk-OILVJJZE.js"
    },
    "chunk-H5SZGPO2": {
      "file": "chunk-H5SZGPO2.js"
    },
    "chunk-TZRD7SJH": {
      "file": "chunk-TZRD7SJH.js"
    },
    "chunk-XWLXMCJQ": {
      "file": "chunk-XWLXMCJQ.js"
    }
  }
}